
/* --- ADMIN --- */
INSERT INTO users(first_name, last_name, username, email, pw, is_admin) VALUES ('Mario' , 'Rossi', 'admin', 'admin@gmail.com', 'admin', true);
INSERT INTO users(first_name, last_name, username, email, pw, is_admin) VALUES ('Diego' , 'Stafa', 'dstafa', 'diego.stafa@studenti.unipd.it', 'admin', true);
INSERT INTO users(first_name, last_name, username, email, pw, is_admin) VALUES ('Luciano' , 'Wu', 'ciano', 'luciano.wu@studenti.unipd.it', 'admin',  true);
INSERT INTO users(first_name, last_name, username, email, pw, is_admin) VALUES ('Samuele' , 'Rizzato', 'rizz', 'samuele.rizzato.1@studenti.unipd.it', 'admin', true);

/* --- UTENTI --- */
INSERT INTO users(first_name, last_name, username, email, pw) VALUES ('username' , 'userlastname', 'user', 'user@mail.com', 'user');
INSERT INTO users(first_name, last_name, username, email, pw) VALUES ('Naruto' , 'Arigato', 'narutothebest', 'naruto@gmail.com', 'admin');
INSERT INTO users(first_name, last_name, username, email, pw) VALUES ('Sasuke' , 'Degioleovanni', 'sasukedes', 'Degioleovannis@studenti.unibo.it', 'admin');
INSERT INTO users(first_name, last_name, username, email, pw) VALUES ('Sakura' , 'Bella', 'sakurajiang', 'sakura@naruto.it', 'admin');
INSERT INTO users(first_name, last_name, username, email, pw) VALUES ('Marta' , 'Dong', 'martd11', 'martadeska@mail.com', 'user');
INSERT INTO users(first_name, last_name, username, email, pw) VALUES ('Marco' , 'Palla', 'imthebest', 'palladio@mail.com', 'user');
INSERT INTO users(first_name, last_name, username, email, pw) VALUES ('Mattia' , 'Allumi', 'Wang44', 'wang@mail.com', 'user');
INSERT INTO users(first_name, last_name, username, email, pw) VALUES ('Luca' , 'Weng', 'weng11', 'weng@mail.com', 'user');
INSERT INTO users(first_name, last_name, username, email, pw) VALUES ('Sara' , 'Lan', 'lansara', 'lansara@mail.com', 'user');
INSERT INTO users(first_name, last_name, username, email, pw) VALUES ('Lucia' , 'ding', 'dingdingding', 'dingdingding@mail.com', 'user');
INSERT INTO users(first_name, last_name, username, email, pw) VALUES ('Achille' , 'Mao', 'MaoAAAA', 'MaoAAAAAA@mail.com', 'user');
INSERT INTO users(first_name, last_name, username, email, pw) VALUES ('Greta' , 'Zheng', 'ZhengZheng', 'ZhengGrt@mail.com', 'user');

/* --- CATEGORIE --- */
INSERT INTO category(c_name) VALUES ('hosomaki');
INSERT INTO category(c_name) VALUES ('nighiri');
INSERT INTO category(c_name) VALUES ('futomaki');
INSERT INTO category(c_name) VALUES ('chirashi');
INSERT INTO category(c_name) VALUES ('temaki');
INSERT INTO category(c_name) VALUES ('onigiri');
INSERT INTO category(c_name) VALUES ('uramaki');
INSERT INTO category(c_name) VALUES ('sashimi');
INSERT INTO category(c_name) VALUES ('tartar');
INSERT INTO category(c_name) VALUES ('bevande');


/* --- IMG DISH --- */
INSERT INTO picture(p_path, alt) VALUES ('/srizzato/img/dish/sushi1.jpg', 'foto hosomaki sake');
INSERT INTO picture(p_path, alt) VALUES ('/srizzato/img/dish/sushi2.jpg', 'foto hosomaki fritto');
INSERT INTO picture(p_path, alt) VALUES ('/srizzato/img/dish/sushi3.jpg', 'foto hosomaki avocado');
INSERT INTO picture(p_path, alt) VALUES ('/srizzato/img/dish/sushi4.jpg', 'foto hosomaki misto');
INSERT INTO picture(p_path, alt) VALUES ('/srizzato/img/dish/sushi5.jpg', 'foto nighiri salmone');
INSERT INTO picture(p_path, alt) VALUES ('/srizzato/img/dish/sushi6.jpg', 'foto nighiri misto');
INSERT INTO picture(p_path, alt) VALUES ('/srizzato/img/dish/sushi7.jpg', 'foto nighiri tonno');
INSERT INTO picture(p_path, alt) VALUES ('/srizzato/img/dish/sushi8.jpg', 'foto nighiri branzino');
INSERT INTO picture(p_path, alt) VALUES ('/srizzato/img/dish/sushi9.jpg', 'foto futomaki california');
INSERT INTO picture(p_path, alt) VALUES ('/srizzato/img/dish/sushi10.jpg', 'foto futomaki tonno');
INSERT INTO picture(p_path, alt) VALUES ('/srizzato/img/dish/sushi11.jpg', 'foto futomaki spicy');
INSERT INTO picture(p_path, alt) VALUES ('/srizzato/img/dish/sushi12.jpg', 'foto futomaki fritto');
INSERT INTO picture(p_path, alt) VALUES ('/srizzato/img/dish/sushi13.jpg', 'foto chirashi salmone');
INSERT INTO picture(p_path, alt) VALUES ('/srizzato/img/dish/sushi14.jpg', 'foto chirashi gamberi');
INSERT INTO picture(p_path, alt) VALUES ('/srizzato/img/dish/sushi15.jpg', 'foto chirashi misto');
INSERT INTO picture(p_path, alt) VALUES ('/srizzato/img/dish/sushi16.jpg', 'foto chirashi grande misto');
INSERT INTO picture(p_path, alt) VALUES ('/srizzato/img/dish/sushi17.jpg', 'foto temaki salmone');
INSERT INTO picture(p_path, alt) VALUES ('/srizzato/img/dish/sushi18.jpg', 'foto temaki tonno');
INSERT INTO picture(p_path, alt) VALUES ('/srizzato/img/dish/sushi19.jpg', 'foto temaki spicy');
INSERT INTO picture(p_path, alt) VALUES ('/srizzato/img/dish/sushi20.jpg', 'foto temaki misto');
INSERT INTO picture(p_path, alt) VALUES ('/srizzato/img/dish/sushi21.jpg', 'foto onigiri white');
INSERT INTO picture(p_path, alt) VALUES ('/srizzato/img/dish/sushi22.jpg', 'foto onigiri tonno');
INSERT INTO picture(p_path, alt) VALUES ('/srizzato/img/dish/sushi23.jpg', 'foto onigiri famiglia');
INSERT INTO picture(p_path, alt) VALUES ('/srizzato/img/dish/sushi24.jpg', 'foto onigiri grande famiglia');
INSERT INTO picture(p_path, alt) VALUES ('/srizzato/img/dish/sushi25.jpg', 'foto bevande famiglia');
INSERT INTO picture(p_path, alt) VALUES ('/srizzato/img/dish/sushi26.jpg', 'foto cocacola');
INSERT INTO picture(p_path, alt) VALUES ('/srizzato/img/dish/sushi27.jpg', 'foto acqua');
INSERT INTO picture(p_path, alt) VALUES ('/srizzato/img/dish/sushi28.jpg', 'foto sprite');
INSERT INTO picture(p_path, alt) VALUES ('/srizzato/img/dish/sushi29.jpg', 'foto vino rosso');
INSERT INTO picture(p_path, alt) VALUES ('/srizzato/img/dish/sushi30.jpg', 'foto uramaki gambero fritto');
INSERT INTO picture(p_path, alt) VALUES ('/srizzato/img/dish/sushi31.jpg', 'foto uramaki pollo fritto');
INSERT INTO picture(p_path, alt) VALUES ('/srizzato/img/dish/sushi32.jpg', 'foto uramaki avocado');
INSERT INTO picture(p_path, alt) VALUES ('/srizzato/img/dish/sushi33.jpg', 'foto uramaki sake');
INSERT INTO picture(p_path, alt) VALUES ('/srizzato/img/dish/sushi34.jpg', 'foto uramaki salmone cotto');
INSERT INTO picture(p_path, alt) VALUES ('/srizzato/img/dish/sushi35.jpg', 'foto uramaki salmone avocado');
INSERT INTO picture(p_path, alt) VALUES ('/srizzato/img/dish/sushi36.jpg', 'foto uramaki fritto');
INSERT INTO picture(p_path, alt) VALUES ('/srizzato/img/dish/sushi37.jpg', 'foto uramaki philadelphia');
INSERT INTO picture(p_path, alt) VALUES ('/srizzato/img/dish/sushi38.jpg', 'foto uramaki granchio');
INSERT INTO picture(p_path, alt) VALUES ('/srizzato/img/dish/sushi39.jpg', 'foto uramaki tono');
INSERT INTO picture(p_path, alt) VALUES ('/srizzato/img/dish/sushi40.jpg', 'foto uramaki tigre');
INSERT INTO picture(p_path, alt) VALUES ('/srizzato/img/dish/sushi41.jpg', 'foto uramaki salmone philadelphia');
INSERT INTO picture(p_path, alt) VALUES ('/srizzato/img/dish/sushi42.jpg', 'foto sashimi salmone');
INSERT INTO picture(p_path, alt) VALUES ('/srizzato/img/dish/sushi43.jpg', 'foto sashimi misto');
INSERT INTO picture(p_path, alt) VALUES ('/srizzato/img/dish/sushi44.jpg', 'foto sashimi tonno');
INSERT INTO picture(p_path, alt) VALUES ('/srizzato/img/dish/sushi45.jpg', 'foto sashimi branzino');
INSERT INTO picture(p_path, alt) VALUES ('/srizzato/img/dish/sushi46.jpg', 'foto sashimi gambero rosso');
INSERT INTO picture(p_path, alt) VALUES ('/srizzato/img/dish/sushi47.jpg', 'foto sashimi gamberi');
INSERT INTO picture(p_path, alt) VALUES ('/srizzato/img/dish/sushi48.jpg', 'foto sashimi polipo');
INSERT INTO picture(p_path, alt) VALUES ('/srizzato/img/dish/sushi49.jpg', 'foto tartar salmone');
INSERT INTO picture(p_path, alt) VALUES ('/srizzato/img/dish/sushi50.jpg', 'foto tartar salmone avocado');
INSERT INTO picture(p_path, alt) VALUES ('/srizzato/img/dish/sushi51.jpg', 'foto tartar tonno');
INSERT INTO picture(p_path, alt) VALUES ('/srizzato/img/dish/sushi52.jpg', 'foto tartar tonno avocado');

/* --- IMG NEWS --- */
INSERT INTO picture(p_path, alt) VALUES ('/srizzato/img/news/sushi53.jpg', 'foto carnevale');
INSERT INTO picture(p_path, alt) VALUES ('/srizzato/img/news/sushi54.jpg', 'foto pasqua');
INSERT INTO picture(p_path, alt) VALUES ('/srizzato/img/news/sushi55.jpg', 'foto ferragosto');
INSERT INTO picture(p_path, alt) VALUES ('/srizzato/img/news/sushi56.webp', 'foto halloween');
INSERT INTO picture(p_path, alt) VALUES ('/srizzato/img/news/sushi57.jpg', 'foto Natale');
INSERT INTO picture(p_path, alt) VALUES ('/srizzato/img/news/sushi58.jpg', 'foto Capodanno');



/* --- DISH --- */
INSERT INTO dish(d_name, summary, category, price,picture) VALUES ('hosomaki salmone', 'riso con salmone', 1, 3,1);
INSERT INTO dish(d_name, summary, category, price,picture) VALUES ('hosomaki fritto', 'riso con gambero fritto', 1, 3,2);
INSERT INTO dish(d_name, summary, category, price,picture) VALUES ('hosomaki avocado', 'riso con avocado', 1, 3,3);
INSERT INTO dish(d_name, summary, category, price,picture) VALUES ('hosomaki misto', 'misto di hosomaki', 1, 3,4);
INSERT INTO dish(d_name, summary, category, price,picture) VALUES ('nighiri salmone', 'riso con salmone', 2, 2,5);
INSERT INTO dish(d_name, summary, category, price,picture) VALUES ('nighiri misto', 'riso con pesce misto', 2, 2,6);
INSERT INTO dish(d_name, summary, category, price,picture) VALUES ('nighiri tonno', 'riso con tonno', 2, 2,7);
INSERT INTO dish(d_name, summary, category, price,picture) VALUES ('nighiri branzino', 'riso con branzino', 2, 2,8);
INSERT INTO dish(d_name, summary, category, price,picture) VALUES ('futomaki california', 'riso con granchio', 3, 4,9);
INSERT INTO dish(d_name, summary, category, price,picture) VALUES ('futomaki tonno', 'riso con tonno', 3, 4,10);
INSERT INTO dish(d_name, summary, category, price,picture) VALUES ('futomaki spicy', 'riso con salmone piccante', 3, 4,11);
INSERT INTO dish(d_name, summary, category, price,picture) VALUES ('futomaki fritto', 'riso fritto con salmone', 3, 4,12);
INSERT INTO dish(d_name, summary, category, price,picture) VALUES ('chirashi salmone', 'riso con salmone', 4, 5,13);
INSERT INTO dish(d_name, summary, category, price,picture) VALUES ('chirashi gamberi', 'riso con gamberi', 4, 5,14);
INSERT INTO dish(d_name, summary, category, price,picture) VALUES ('chirashi misto', 'riso con pesce misto', 4, 5,15);
INSERT INTO dish(d_name, summary, category, price,picture) VALUES ('chirashi grande misto', 'riso con pesce misto e verdure', 4, 5,16);
INSERT INTO dish(d_name, summary, category, price,picture) VALUES ('temaki salmone', 'riso con salmone', 5, 3,17);
INSERT INTO dish(d_name, summary, category, price,picture) VALUES ('temaki tonno', 'riso con tonno', 5, 2,18);
INSERT INTO dish(d_name, summary, category, price,picture) VALUES ('temaki spicy', 'riso con tonno piccante', 5, 3,19);
INSERT INTO dish(d_name, summary, category, price,picture) VALUES ('temaki misto', 'misto di tutti i temaki', 5, 3,20);
INSERT INTO dish(d_name, summary, category, price,picture) VALUES ('ongiri white', 'riso con alga ', 6, 6,21);
INSERT INTO dish(d_name, summary, category, price,picture) VALUES ('ongiri tonno', 'riso con tonno ', 6, 6,22);
INSERT INTO dish(d_name, summary, category, price,picture) VALUES ('ongiri famiglia', 'misto di onigiri', 6, 6,23);
INSERT INTO dish(d_name, summary, category, price,picture) VALUES ('ongiri grande famiglia', 'misto di tutti onigiri ', 6, 22,24);
INSERT INTO dish(d_name, summary, category, price,picture) VALUES ('bevande famiglia', 'tutte le bevande', 10, 12,25);
INSERT INTO dish(d_name, summary, category, price,picture) VALUES ('cocacola', 'cocacola',10,2,26);
INSERT INTO dish(d_name, summary, category, price,picture) VALUES ('acqua', 'acqua in bottiglia', 10, 2, 27);
INSERT INTO dish(d_name, summary, category, price,picture) VALUES ('sprite', 'latina di sprite', 10, 16, 28);
INSERT INTO dish(d_name, summary, category, price,picture) VALUES ('vino rosso', 'vino rosso', 10, 2,29);
INSERT INTO dish(d_name, summary, category, price,picture) VALUES ('uramaki gambero fritto', 'uramaki gambero fritto',7, 6, 30);
INSERT INTO dish(d_name, summary, category, price,picture) VALUES ('uramaki pollo fritto', 'uramaki pollo fritto',7, 6, 31);
INSERT INTO dish(d_name, summary, category, price,picture) VALUES ('uramaki avocado', 'uramaki avocado ',7, 6, 32);
INSERT INTO dish(d_name, summary, category, price,picture) VALUES ('uramaki sake', 'uramaki sake ',7, 6,33 );
INSERT INTO dish(d_name, summary, category, price,picture) VALUES ('uramaki salmone cotto', 'uramaki salmone cotto ',7, 6,34 );
INSERT INTO dish(d_name, summary, category, price,picture) VALUES ('uramaki salmone avocado', 'uramaki salmone avocado ',7, 6, 35);
INSERT INTO dish(d_name, summary, category, price,picture) VALUES ('uramaki fritto', 'uramaki fritto ',7, 6, 36);
INSERT INTO dish(d_name, summary, category, price,picture) VALUES ('uramaki philadelphia', 'uramaki philadelphia ',7, 6,37 );
INSERT INTO dish(d_name, summary, category, price,picture) VALUES ('uramaki granchio', 'uramaki granchio ',7, 6,38 );
INSERT INTO dish(d_name, summary, category, price,picture) VALUES ('uramaki tono', 'uramaki tonno ',7, 6, 39);
INSERT INTO dish(d_name, summary, category, price,picture) VALUES ('uramaki tigre', 'uramaki tigre ',7, 6, 40);
INSERT INTO dish(d_name, summary, category, price,picture) VALUES ('uramaki salmone philadelphia', 'uramaki salmone philadelphia ', 7,6, 41);
INSERT INTO dish(d_name, summary, category, price,picture) VALUES ('sashimi salmone', 'sashimi salmone ',8, 17, 42);
INSERT INTO dish(d_name, summary, category, price,picture) VALUES ('sashimi misto', 'sashimi misto ', 8, 17, 43);
INSERT INTO dish(d_name, summary, category, price,picture) VALUES ('sashimi tonno', 'sashimi tonno ', 8, 17, 44);
INSERT INTO dish(d_name, summary, category, price,picture) VALUES ('sashimi branzino', 'sashimi branzino ', 8, 17, 45);
INSERT INTO dish(d_name, summary, category, price,picture) VALUES ('sashimi gambero rosso', 'sashimi gambero rosso ', 8, 17, 46);
INSERT INTO dish(d_name, summary, category, price,picture) VALUES ('sashimi gamberi', 'sashimi gamberi ', 8, 17, 47);
INSERT INTO dish(d_name, summary, category, price,picture) VALUES ('sashimi polipo', 'sashimi polipo ', 8, 17, 48);
INSERT INTO dish(d_name, summary, category, price,picture) VALUES ('tartar salmone ', 'tartar salmone ', 9, 17, 49);
INSERT INTO dish(d_name, summary, category, price,picture) VALUES ('tartar salmone avocado ', 'tartar salmone avocado ', 9, 17, 50);
INSERT INTO dish(d_name, summary, category, price,picture) VALUES ('tartar tonno ', 'tartar tonno ',    9, 17, 51);
INSERT INTO dish(d_name, summary, category, price,picture) VALUES ('tartar tonno avocado ', 'tartar tonno avocado ', 9, 17, 52);


/* --- NEWS --- */
INSERT INTO news(creation_date, picture, title, summary) VALUES ('2021-03-01', 53, 'Evento carnevale', 'Durante questo carnevale sarà possibile acquistare piatti di ogni genere, sia di pesce che di vegetariana a prezzo ridotto.');
INSERT INTO news(creation_date, picture, title, summary) VALUES ('2021-04-17', 54, 'Evento Pasqua', 'Buona pasqua, buona cena e durante questo evento tutti gli ordini superiori a €10 viene regalato un uovo di Pasqua gratuitamente.');
INSERT INTO news(creation_date, picture, title, summary) VALUES ('2021-08-15', 55, 'Evento Ferragosto', 'Durante questo evento tutti gli ordini superiori a €100 viene regalato un menù all you can eat gratuitamente.');
INSERT INTO news(creation_date, picture, title, summary) VALUES ('2021-10-31', 56, 'Evento Halloween', 'Durante il giorno di halloween sarà possibile acquistare piatti di limitati Halloween come il nighiri monster ecc.');
INSERT INTO news(creation_date, picture, title, summary) VALUES ('2021-12-25', 57, 'Evento Natale', 'Buona Natale, buona festa e durante questo evento tutti gli ordini superiori a €20 viene regalato una bibita gratuitamente.');
INSERT INTO news(creation_date, picture, title, summary) VALUES ('2022-01-01', 58, 'Eventi Capodanno', 'Buona Capodanno, buona festa e durante questo evento saranno disponibili tutti i piati limitati tipo barca capodanno, poke 2022 ecc.');

/* --- CART --- */
INSERT INTO cart(users) VALUES ('admin');
INSERT INTO cart(users) VALUES ('dstafa');
INSERT INTO cart(users) VALUES ('ciano');
INSERT INTO cart(users) VALUES ('rizz');
INSERT INTO cart(users) VALUES ('narutothebest');
INSERT INTO cart(users) VALUES ('sasukedes');
INSERT INTO cart(users) VALUES ('sakurajiang');
INSERT INTO cart(users) VALUES ('martd11');
INSERT INTO cart(users) VALUES ('imthebest');
INSERT INTO cart(users) VALUES ('Wang44');
INSERT INTO cart(users) VALUES ('weng11');
INSERT INTO cart(users) VALUES ('lansara');
INSERT INTO cart(users) VALUES ('dingdingding');
INSERT INTO cart(users) VALUES ('MaoAAAA');
INSERT INTO cart(users) VALUES ('ZhengZheng');

INSERT INTO listCartDish(cart_id, dish,quantity) VALUES (1,'hosomaki salmone',2);
INSERT INTO listCartDish(cart_id, dish,quantity) VALUES (1, 'nighiri salmone',2);
INSERT INTO listCartDish(cart_id, dish,quantity) VALUES (1, 'futomaki california',2);
INSERT INTO listCartDish(cart_id, dish,quantity) VALUES (2, 'hosomaki salmone',2);
INSERT INTO listCartDish(cart_id, dish,quantity) VALUES (2, 'nighiri salmone',2);
INSERT INTO listCartDish(cart_id, dish,quantity) VALUES (2, 'futomaki california',2);
INSERT INTO listCartDish(cart_id, dish,quantity) VALUES (3, 'hosomaki salmone',2);
INSERT INTO listCartDish(cart_id, dish,quantity) VALUES (3, 'nighiri salmone',2);
INSERT INTO listCartDish(cart_id, dish,quantity) VALUES (3, 'futomaki california',2);
INSERT INTO listCartDish(cart_id, dish,quantity) VALUES (4, 'hosomaki salmone',2);
INSERT INTO listCartDish(cart_id, dish,quantity) VALUES (4, 'nighiri salmone',2);
INSERT INTO listCartDish(cart_id, dish,quantity) VALUES (4, 'futomaki california',2);
INSERT INTO listCartDish(cart_id, dish,quantity) VALUES (5, 'hosomaki salmone',2);
INSERT INTO listCartDish(cart_id, dish,quantity) VALUES (5, 'nighiri salmone',2);
INSERT INTO listCartDish(cart_id, dish,quantity) VALUES (5, 'futomaki california',2);
INSERT INTO listCartDish(cart_id, dish,quantity) VALUES (6, 'hosomaki salmone',2);
INSERT INTO listCartDish(cart_id, dish,quantity) VALUES (6, 'nighiri salmone',2);
INSERT INTO listCartDish(cart_id, dish,quantity) VALUES (6, 'futomaki california',2);
INSERT INTO listCartDish(cart_id, dish,quantity) VALUES (7, 'hosomaki salmone',2);
INSERT INTO listCartDish(cart_id, dish,quantity) VALUES (7, 'nighiri salmone',2);
INSERT INTO listCartDish(cart_id, dish,quantity) VALUES (7, 'futomaki california',2);
INSERT INTO listCartDish(cart_id, dish,quantity) VALUES (8, 'hosomaki salmone',2);
INSERT INTO listCartDish(cart_id, dish,quantity) VALUES (8, 'nighiri salmone',2);
INSERT INTO listCartDish(cart_id, dish,quantity) VALUES (8, 'futomaki california',2);
INSERT INTO listCartDish(cart_id, dish,quantity) VALUES (9, 'hosomaki salmone',2);
INSERT INTO listCartDish(cart_id, dish,quantity) VALUES (9, 'nighiri salmone',2);
INSERT INTO listCartDish(cart_id, dish,quantity) VALUES (9, 'futomaki california',2);
INSERT INTO listCartDish(cart_id, dish,quantity) VALUES (10, 'hosomaki salmone',3);
INSERT INTO listCartDish(cart_id, dish,quantity) VALUES (10, 'nighiri salmone',3);
INSERT INTO listCartDish(cart_id, dish,quantity) VALUES (10, 'futomaki california',3);
INSERT INTO listCartDish(cart_id, dish,quantity) VALUES (11, 'hosomaki salmone',3);
INSERT INTO listCartDish(cart_id, dish,quantity) VALUES (11, 'nighiri salmone',3);
INSERT INTO listCartDish(cart_id, dish,quantity) VALUES (11, 'futomaki california',3);
INSERT INTO listCartDish(cart_id, dish,quantity) VALUES (12, 'hosomaki salmone',3);
INSERT INTO listCartDish(cart_id, dish,quantity) VALUES (12, 'nighiri salmone',3);
INSERT INTO listCartDish(cart_id, dish,quantity) VALUES (12, 'futomaki california',3);
INSERT INTO listCartDish(cart_id, dish,quantity) VALUES (13, 'hosomaki salmone',3);
INSERT INTO listCartDish(cart_id, dish,quantity) VALUES (13, 'nighiri salmone',3);
INSERT INTO listCartDish(cart_id, dish,quantity) VALUES (13, 'futomaki california',3);
INSERT INTO listCartDish(cart_id, dish,quantity) VALUES (14, 'hosomaki salmone',3);
INSERT INTO listCartDish(cart_id, dish,quantity) VALUES (14, 'nighiri salmone',3);
INSERT INTO listCartDish(cart_id, dish,quantity) VALUES (14, 'futomaki california',3);
INSERT INTO listCartDish(cart_id, dish,quantity) VALUES (15, 'hosomaki salmone',4);
INSERT INTO listCartDish(cart_id, dish,quantity) VALUES (15, 'nighiri salmone',5);
INSERT INTO listCartDish(cart_id, dish,quantity) VALUES (15, 'futomaki california',6);
INSERT INTO listCartDish(cart_id, dish,quantity) VALUES (1, 'hosomaki avocado',2);
INSERT INTO listCartDish(cart_id, dish,quantity) VALUES (1, 'chirashi salmone',5);
INSERT INTO listCartDish(cart_id, dish,quantity) VALUES (1, 'temaki salmone',3);
INSERT INTO listCartDish(cart_id, dish,quantity) VALUES (2, 'hosomaki avocado',5);
INSERT INTO listCartDish(cart_id, dish,quantity) VALUES (2, 'chirashi salmone',3);
INSERT INTO listCartDish(cart_id, dish,quantity) VALUES (2, 'temaki salmone',4);
INSERT INTO listCartDish(cart_id, dish,quantity) VALUES (3, 'hosomaki avocado',5);
INSERT INTO listCartDish(cart_id, dish,quantity) VALUES (3, 'chirashi salmone',8);
INSERT INTO listCartDish(cart_id, dish,quantity) VALUES (3, 'temaki salmone',4);
INSERT INTO listCartDish(cart_id, dish,quantity) VALUES (4, 'hosomaki avocado',4);
INSERT INTO listCartDish(cart_id, dish,quantity) VALUES (4, 'chirashi salmone',3);
INSERT INTO listCartDish(cart_id, dish,quantity) VALUES (4, 'temaki salmone',6);
INSERT INTO cart(users) VALUES ('admin');
INSERT INTO cart(users) VALUES ('dstafa');
INSERT INTO cart(users) VALUES ('ciano');
INSERT INTO cart(users) VALUES ('rizz');


INSERT INTO listCartDish(cart_id, dish,quantity) VALUES (16, 'ongiri white',4);
INSERT INTO listCartDish(cart_id, dish,quantity) VALUES (16, 'bevande famiglia',4);
INSERT INTO listCartDish(cart_id, dish,quantity) VALUES (16, 'uramaki gambero fritto',4);
INSERT INTO listCartDish(cart_id, dish,quantity) VALUES (17, 'ongiri white',4);
INSERT INTO listCartDish(cart_id, dish,quantity) VALUES (17, 'bevande famiglia',4);
INSERT INTO listCartDish(cart_id, dish,quantity) VALUES (17, 'uramaki gambero fritto',4);
INSERT INTO listCartDish(cart_id, dish,quantity) VALUES (18, 'ongiri white',4);
INSERT INTO listCartDish(cart_id, dish,quantity) VALUES (18, 'bevande famiglia',4);
INSERT INTO listCartDish(cart_id, dish,quantity) VALUES (18, 'uramaki gambero fritto',4);
INSERT INTO listCartDish(cart_id, dish,quantity) VALUES (19, 'ongiri white',4);
INSERT INTO listCartDish(cart_id, dish,quantity) VALUES (19, 'bevande famiglia',4);
INSERT INTO listCartDish(cart_id, dish,quantity) VALUES (19, 'uramaki gambero fritto',4);
INSERT INTO listCartDish(cart_id, dish,quantity) VALUES (16, 'uramaki pollo fritto',4);
INSERT INTO listCartDish(cart_id, dish,quantity) VALUES (16, 'uramaki avocado',4);
INSERT INTO listCartDish(cart_id, dish,quantity) VALUES (16, 'uramaki sake',4);
INSERT INTO listCartDish(cart_id, dish,quantity) VALUES (17, 'uramaki pollo fritto',4);
INSERT INTO listCartDish(cart_id, dish,quantity) VALUES (17, 'uramaki avocado',4);
INSERT INTO listCartDish(cart_id, dish,quantity) VALUES (17, 'uramaki sake',4);
INSERT INTO listCartDish(cart_id, dish,quantity) VALUES (18, 'uramaki pollo fritto',4);
INSERT INTO listCartDish(cart_id, dish,quantity) VALUES (18, 'uramaki avocado',4);
INSERT INTO listCartDish(cart_id, dish,quantity) VALUES (18, 'uramaki sake',4);
INSERT INTO listCartDish(cart_id, dish,quantity) VALUES (19, 'uramaki pollo fritto',4);
INSERT INTO listCartDish(cart_id, dish,quantity) VALUES (19, 'uramaki avocado',4);
INSERT INTO listCartDish(cart_id, dish,quantity) VALUES (19, 'uramaki sake',4);
INSERT INTO listCartDish(cart_id, dish,quantity) VALUES (16, 'uramaki salmone cotto',4);
INSERT INTO listCartDish(cart_id, dish,quantity) VALUES (16, 'uramaki salmone avocado',4);
INSERT INTO listCartDish(cart_id, dish,quantity) VALUES (16, 'uramaki fritto',4);
INSERT INTO listCartDish(cart_id, dish,quantity) VALUES (17, 'uramaki salmone cotto',4);
INSERT INTO listCartDish(cart_id, dish,quantity) VALUES (17, 'uramaki salmone avocado',4);
INSERT INTO listCartDish(cart_id, dish,quantity) VALUES (17, 'uramaki fritto',4);
INSERT INTO listCartDish(cart_id, dish,quantity) VALUES (18, 'uramaki salmone cotto',4);
INSERT INTO listCartDish(cart_id, dish,quantity) VALUES (18, 'uramaki salmone avocado',4);
INSERT INTO listCartDish(cart_id, dish,quantity) VALUES (18, 'uramaki fritto',4);
INSERT INTO listCartDish(cart_id, dish,quantity) VALUES (19, 'uramaki salmone cotto',4);
INSERT INTO listCartDish(cart_id, dish,quantity) VALUES (19, 'uramaki salmone avocado',4);
INSERT INTO listCartDish(cart_id, dish,quantity) VALUES (19, 'uramaki fritto',4);
INSERT INTO cart(users) VALUES ('admin');
INSERT INTO cart(users) VALUES ('dstafa');
INSERT INTO cart(users) VALUES ('ciano');
INSERT INTO cart(users) VALUES ('rizz');
INSERT INTO listCartDish(cart_id, dish,quantity) VALUES (20, 'uramaki philadelphia',2);
INSERT INTO listCartDish(cart_id, dish,quantity) VALUES (20, 'uramaki salmone avocado',2);
INSERT INTO listCartDish(cart_id, dish,quantity) VALUES (20, 'uramaki tigre',2);
INSERT INTO listCartDish(cart_id, dish,quantity) VALUES (21, 'uramaki philadelphia',2);
INSERT INTO listCartDish(cart_id, dish,quantity) VALUES (21, 'uramaki salmone avocado',2);
INSERT INTO listCartDish(cart_id, dish,quantity) VALUES (21, 'uramaki tigre',2);
INSERT INTO listCartDish(cart_id, dish,quantity) VALUES (22, 'uramaki philadelphia',3);
INSERT INTO listCartDish(cart_id, dish,quantity) VALUES (22, 'uramaki salmone avocado',3);
INSERT INTO listCartDish(cart_id, dish,quantity) VALUES (22, 'uramaki tigre',3);
INSERT INTO listCartDish(cart_id, dish,quantity) VALUES (23, 'uramaki philadelphia',3);
INSERT INTO listCartDish(cart_id, dish,quantity) VALUES (23, 'ongiri tonno',3);
INSERT INTO listCartDish(cart_id, dish,quantity) VALUES (23, 'uramaki tigre',3);
INSERT INTO listCartDish(cart_id, dish,quantity) VALUES (20, 'uramaki granchio',3);
INSERT INTO listCartDish(cart_id, dish,quantity) VALUES (20, 'uramaki salmone philadelphia',3);
INSERT INTO listCartDish(cart_id, dish,quantity) VALUES (20, 'uramaki tono',3);
INSERT INTO listCartDish(cart_id, dish,quantity) VALUES (21, 'uramaki granchio',2);
INSERT INTO listCartDish(cart_id, dish,quantity) VALUES (21, 'uramaki tono',2);
INSERT INTO listCartDish(cart_id, dish,quantity) VALUES (21, 'uramaki salmone philadelphia',2);
INSERT INTO listCartDish(cart_id, dish,quantity) VALUES (22, 'uramaki granchio',2);
INSERT INTO listCartDish(cart_id, dish,quantity) VALUES (22, 'uramaki tono',2);
INSERT INTO listCartDish(cart_id, dish,quantity) VALUES (22, 'uramaki salmone philadelphia',2);
INSERT INTO listCartDish(cart_id, dish,quantity) VALUES (23, 'uramaki granchio',2);
INSERT INTO listCartDish(cart_id, dish,quantity) VALUES (23, 'uramaki tono',2);
INSERT INTO listCartDish(cart_id, dish,quantity) VALUES (23, 'uramaki salmone philadelphia',2);
INSERT INTO listCartDish(cart_id, dish,quantity) VALUES (20, 'futomaki tonno',2);
INSERT INTO listCartDish(cart_id, dish,quantity) VALUES (20, 'sashimi salmone',2);
INSERT INTO listCartDish(cart_id, dish,quantity) VALUES (20, 'tartar salmone ',2);
INSERT INTO listCartDish(cart_id, dish,quantity) VALUES (21, 'futomaki tonno',3);
INSERT INTO listCartDish(cart_id, dish,quantity) VALUES (21, 'sashimi salmone',2);
INSERT INTO listCartDish(cart_id, dish,quantity) VALUES (21, 'tartar salmone ',2);
INSERT INTO listCartDish(cart_id, dish,quantity) VALUES (22, 'futomaki tonno',2);
INSERT INTO listCartDish(cart_id, dish,quantity) VALUES (22, 'sashimi salmone',2);
INSERT INTO listCartDish(cart_id, dish,quantity) VALUES (22, 'tartar salmone ',2);
INSERT INTO listCartDish(cart_id, dish,quantity) VALUES (23, 'futomaki tonno',2);
INSERT INTO listCartDish(cart_id, dish,quantity) VALUES (23, 'sashimi salmone',2);
INSERT INTO listCartDish(cart_id, dish,quantity) VALUES (23, 'tartar salmone ',2);

-- ordini
INSERT INTO orders(cart_id,pay_date,delivery_date,tot_price,take_away,delivery_address)VALUES(1,'2020-01-02 11:45:40','2020-01-03 12:50:00',88,0,'via Rossi');
INSERT INTO orders(cart_id,pay_date,delivery_date,tot_price,take_away,delivery_address)VALUES(2,'2020-01-03 11:45:40','2020-01-04 12:50:00',12,0,'via Roma');
INSERT INTO orders(cart_id,pay_date,delivery_date,tot_price,take_away,delivery_address)VALUES(3,'2020-01-04 11:45:40','2020-01-05 12:50:00',32,0,'via Stazione');
INSERT INTO orders(cart_id,pay_date,delivery_date,tot_price,take_away,delivery_address)VALUES(4,'2020-01-05 11:45:40','2020-01-06 12:50:00',89,0,'via San Lucia');
INSERT INTO orders(cart_id,pay_date,delivery_date,tot_price,take_away,delivery_address)VALUES(5,'2020-01-06 11:45:40','2020-01-07 12:50:00',19,0,'via verdi');
INSERT INTO orders(cart_id,pay_date,delivery_date,tot_price,take_away,delivery_address)VALUES(6,'2020-01-07 11:45:40','2020-01-08 12:50:00',70,0,'via Gialli');
INSERT INTO orders(cart_id,pay_date,delivery_date,tot_price,take_away,delivery_address)VALUES(7,'2020-01-08 11:45:40','2020-01-09 12:50:00',80,0,'via Papa');
INSERT INTO orders(cart_id,pay_date,delivery_date,tot_price,take_away,delivery_address)VALUES(8,'2020-01-09 11:45:40','2020-01-10 12:50:00',90,0,'via Venezia');
INSERT INTO orders(cart_id,pay_date,delivery_date,tot_price,take_away,delivery_address)VALUES(9,'2020-01-11 11:45:40','2020-01-12 12:50:00',80,0,'via Prato');
INSERT INTO orders(cart_id,pay_date,delivery_date,tot_price,take_away,delivery_address)VALUES(10,'2020-01-11 11:45:40','2020-01-12 12:50:00',90,0,'via De Leona');
INSERT INTO orders(cart_id,pay_date,delivery_date,tot_price,take_away,delivery_address)VALUES(11,'2020-01-21 11:45:40','2020-01-22 12:50:00',70,0,'via Diamante');
INSERT INTO orders(cart_id,pay_date,delivery_date,tot_price,take_away,delivery_address)VALUES(12,'2020-01-13 11:45:40','2020-01-14 12:50:00',50,0,'via Rosa');
INSERT INTO orders(cart_id,pay_date,delivery_date,tot_price,take_away,delivery_address)VALUES(13,'2020-01-14 11:45:40','2020-01-15 12:50:00',60,0,'via Del tigre');
INSERT INTO orders(cart_id,pay_date,delivery_date,tot_price,take_away,delivery_address)VALUES(14,'2020-01-22 11:45:40','2020-01-23 12:50:00',87,0,'via Giallo');
INSERT INTO orders(cart_id,pay_date,delivery_date,tot_price,take_away,delivery_address)VALUES(15,'2020-01-21 11:45:40','2020-01-22 12:50:00',77,0,'via Piave');
INSERT INTO orders(cart_id,pay_date,delivery_date,tot_price,take_away,delivery_address)VALUES(16,'2020-01-30 11:45:40','2020-01-30 12:50:00',89,0,'via Rossi');
INSERT INTO orders(cart_id,pay_date,delivery_date,tot_price,take_away,delivery_address)VALUES(17,'2020-01-29 11:45:40','2020-01-30 12:50:00',65,0,'via Roma');
INSERT INTO orders(cart_id,pay_date,delivery_date,tot_price,take_away,delivery_address)VALUES(18,'2020-01-28 11:45:40','2020-01-29 12:50:00',78,0,'via San Giorgio');
INSERT INTO orders(cart_id,pay_date,delivery_date,tot_price,take_away,delivery_address)VALUES(19,'2020-01-27 11:45:40','2020-01-27 12:50:00',91,0,'via roma');


INSERT INTO cart(users) VALUES ('user');
INSERT INTO cart(users) VALUES ('narutothebest');
INSERT INTO cart(users) VALUES ('sasukedes');
INSERT INTO cart(users) VALUES ('sakurajiang');
INSERT INTO cart(users) VALUES ('martd11');
INSERT INTO cart(users) VALUES ('imthebest');
INSERT INTO cart(users) VALUES ('Wang44');
INSERT INTO cart(users) VALUES ('weng11');
INSERT INTO cart(users) VALUES ('lansara');
INSERT INTO cart(users) VALUES ('dingdingding');
INSERT INTO cart(users) VALUES ('MaoAAAA');
INSERT INTO cart(users) VALUES ('ZhengZheng');